term,display_order,panel_key,panel_label,value,deviation,raw_count,document_count,token_denominator,document_denominator,panel_order,reference_key,reference_label,reference_value,reference_raw_count,reference_document_count,reference_token_denominator,reference_document_denominator,plotted_quantity,plotted_value,axis_min,axis_max,scale_policy,layout_band,layout_column,highlighted
not,1,adventure,Adventure,10563.992077005943,871.8326859269364,608,18,57554,18,1,adventure:complement,U - Adventure,9692.159391079007,3871,128,399395,128,deviation,871.8326859269364,-5013.021267719306,5013.021267719306,shared,1,1,False
not,1,romance,Romance,13676.891020981731,4729.265346905006,1129,23,82548,23,2,romance:complement,U - Romance,8947.625674076726,3350,123,374401,123,deviation,4729.265346905006,-5013.021267719306,5013.021267719306,shared,1,2,True
not,1,humor,Humor,10773.782214558052,1127.8229521005924,681,21,63209,21,3,humor:complement,U - Humor,9645.95926245746,3798,125,393740,125,deviation,1127.8229521005924,-5013.021267719306,5013.021267719306,shared,1,3,False
said,2,adventure,Adventure,4621.7465336901,-3968.7465871551785,266,18,57554,18,1,adventure:complement,U - Adventure,8590.493120845278,3431,128,399395,128,deviation,-3968.7465871551785,-5013.021267719306,5013.021267719306,shared,1,1,True
said,2,romance,Romance,9388.477007316955,1584.01067309242,775,23,82548,23,2,romance:complement,U - Romance,7804.466334224535,2922,123,374401,123,deviation,1584.01067309242,-5013.021267719306,5013.021267719306,shared,1,2,False
said,2,humor,Humor,10378.268917401003,2654.898165127929,656,21,63209,21,3,humor:complement,U - Humor,7723.370752273074,3041,125,393740,125,deviation,2654.898165127929,-5013.021267719306,5013.021267719306,shared,1,3,False
man,3,adventure,Adventure,8114.118914410815,3066.4843671580957,467,18,57554,18,1,adventure:complement,U - Adventure,5047.634547252719,2016,118,399395,128,deviation,3066.4843671580957,-5013.021267719306,5013.021267719306,shared,1,1,True
man,3,romance,Romance,3888.646605611281,-1885.9106204645045,321,23,82548,23,2,romance:complement,U - Romance,5774.557226075785,2162,113,374401,123,deviation,-1885.9106204645045,-5013.021267719306,5013.021267719306,shared,1,2,True
man,3,humor,Humor,6075.0842443322945,744.1552048646263,384,20,63209,21,3,humor:complement,U - Humor,5330.929039467668,2099,116,393740,125,deviation,744.1552048646263,-5013.021267719306,5013.021267719306,shared,1,3,False
mrs,4,adventure,Adventure,364.8747263439553,-774.3483485568322,21,5,57554,18,1,adventure:complement,U - Adventure,1139.2230749007874,455,43,399395,128,deviation,-774.3483485568322,-5013.021267719306,5013.021267719306,shared,1,1,False
mrs,4,romance,Romance,3488.8791975577847,2986.743786594673,288,17,82548,23,2,romance:complement,U - Romance,502.1354109631118,188,31,374401,123,deviation,2986.743786594673,-5013.021267719306,5013.021267719306,shared,1,2,False
mrs,4,humor,Humor,427.1543609296144,-713.1920605668046,27,6,63209,21,3,humor:complement,U - Humor,1140.346421496419,449,42,393740,125,deviation,-713.1920605668046,-5013.021267719306,5013.021267719306,shared,1,3,True
says,5,adventure,Adventure,2675.7479931890052,1351.244681930727,154,8,57554,18,1,adventure:complement,U - Adventure,1324.5033112582782,529,57,399395,128,deviation,1351.244681930727,-5013.021267719306,5013.021267719306,shared,1,1,False
says,5,romance,Romance,678.3931773029025,-996.2818369198161,56,13,82548,23,2,romance:complement,U - Romance,1674.6750142227186,627,52,374401,123,deviation,-996.2818369198161,-5013.021267719306,5013.021267719306,shared,1,2,False
says,5,humor,Humor,3891.8508440253763,2781.981387023294,246,11,63209,21,3,humor:complement,U - Humor,1109.8694570020825,437,54,393740,125,deviation,2781.981387023294,-5013.021267719306,5013.021267719306,shared,1,3,True
henry,6,adventure,Adventure,34.74997393751955,-633.7611491361293,2,2,57554,18,1,adventure:complement,U - Adventure,668.511123073649,267,14,399395,128,deviation,-633.7611491361293,-5013.021267719306,5013.021267719306,shared,1,1,False
henry,6,romance,Romance,109.02747492368077,-585.4151147061547,9,3,82548,23,2,romance:complement,U - Romance,694.4425896298354,260,13,374401,123,deviation,-585.4151147061547,-5013.021267719306,5013.021267719306,shared,1,2,False
henry,6,humor,Humor,2657.849356895379,2401.3349057347145,168,4,63209,21,3,humor:complement,U - Humor,256.5144511606644,101,12,393740,125,deviation,2401.3349057347145,-5013.021267719306,5013.021267719306,shared,1,3,False
would,7,adventure,Adventure,3561.8723285957535,-1358.0690827889662,205,17,57554,18,1,adventure:complement,U - Adventure,4919.94141138472,1965,126,399395,128,deviation,-1358.0690827889662,-5013.021267719306,5013.021267719306,shared,1,1,False
would,7,romance,Romance,6602.219314822891,2261.9531296364194,545,23,82548,23,2,romance:complement,U - Romance,4340.266185186471,1625,120,374401,123,deviation,2261.9531296364194,-5013.021267719306,5013.021267719306,shared,1,2,False
would,7,humor,Humor,6312.392222626525,1814.5002126707159,399,21,63209,21,3,humor:complement,U - Humor,4497.892009955809,1771,122,393740,125,deviation,1814.5002126707159,-5013.021267719306,5013.021267719306,shared,1,3,False
alice,8,adventure,Adventure,0.0,-388.08698155960894,0,0,57554,18,1,adventure:complement,U - Adventure,388.08698155960894,155,5,399395,128,deviation,-388.08698155960894,-5013.021267719306,5013.021267719306,shared,1,1,False
alice,8,romance,Romance,60.57081940204487,-340.06913615362936,5,1,82548,23,2,romance:complement,U - Romance,400.63995555567425,150,4,374401,123,deviation,-340.06913615362936,-5013.021267719306,5013.021267719306,shared,1,2,False
alice,8,humor,Humor,2278.1565916246104,2250.2193741714686,144,2,63209,21,3,humor:complement,U - Humor,27.937217453141667,11,3,393740,125,deviation,2250.2193741714686,-5013.021267719306,5013.021267719306,shared,1,3,False
ajax,9,adventure,Adventure,0.0,-335.5074550257264,0,0,57554,18,1,adventure:complement,U - Adventure,335.5074550257264,134,1,399395,128,deviation,-335.5074550257264,-5013.021267719306,5013.021267719306,shared,1,1,False
ajax,9,romance,Romance,0.0,-357.905026963069,0,0,82548,23,2,romance:complement,U - Romance,357.905026963069,134,1,374401,123,deviation,-357.905026963069,-5013.021267719306,5013.021267719306,shared,1,2,False
ajax,9,humor,Humor,2119.9512727617903,2119.9512727617903,134,1,63209,21,3,humor:complement,U - Humor,0.0,0,0,393740,125,deviation,2119.9512727617903,-5013.021267719306,5013.021267719306,shared,1,3,False
korner,10,adventure,Adventure,0.0,-415.6286383154521,0,0,57554,18,1,adventure:complement,U - Adventure,415.6286383154521,166,1,399395,128,deviation,-415.6286383154521,-5013.021267719306,5013.021267719306,shared,1,1,False
korner,10,romance,Romance,2010.9512041478895,2010.9512041478895,166,1,82548,23,2,romance:complement,U - Romance,0.0,0,0,374401,123,deviation,2010.9512041478895,-5013.021267719306,5013.021267719306,shared,1,2,False
korner,10,humor,Humor,0.0,-421.5980088383197,0,0,63209,21,3,humor:complement,U - Humor,421.5980088383197,166,1,393740,125,deviation,-421.5980088383197,-5013.021267719306,5013.021267719306,shared,1,3,False
dirty,11,adventure,Adventure,2137.123397157452,2006.9264743116478,123,4,57554,18,1,adventure:complement,U - Adventure,130.1969228458043,52,21,399395,128,deviation,2006.9264743116478,-5013.021267719306,5013.021267719306,shared,1,1,False
dirty,11,romance,Romance,84.79914716286281,-363.9176030594923,7,5,82548,23,2,romance:complement,U - Romance,448.71675022235513,168,20,374401,123,deviation,-363.9176030594923,-5013.021267719306,5013.021267719306,shared,1,2,False
dirty,11,humor,Humor,332.2311696119224,-58.889874732060946,21,2,63209,21,3,humor:complement,U - Humor,391.1210443439833,154,23,393740,125,deviation,-58.889874732060946,-5013.021267719306,5013.021267719306,shared,1,3,False
love,12,adventure,Adventure,173.74986968759774,-777.689181877895,10,4,57554,18,1,adventure:complement,U - Adventure,951.4390515654927,380,73,399395,128,deviation,-777.689181877895,-5013.021267719306,5013.021267719306,shared,1,1,False
love,12,romance,Romance,2398.604448320977,1885.785305209714,198,19,82548,23,2,romance:complement,U - Romance,512.8191431112631,192,58,374401,123,deviation,1885.785305209714,-5013.021267719306,5013.021267719306,shared,1,2,False
love,12,humor,Humor,1423.8478697653816,661.9237574069724,90,16,63209,21,3,humor:complement,U - Humor,761.9241123584092,300,61,393740,125,deviation,661.9237574069724,-5013.021267719306,5013.021267719306,shared,1,3,False
miss,13,adventure,Adventure,191.1248566563575,-875.488395888116,11,5,57554,18,1,adventure:complement,U - Adventure,1066.6132525444734,426,57,399395,128,deviation,-875.488395888116,-5013.021267719306,5013.021267719306,shared,1,1,False
miss,13,romance,Romance,2495.517759364249,1878.5322278085105,206,15,82548,23,2,romance:complement,U - Romance,616.9855315557384,231,47,374401,123,deviation,1878.5322278085105,-5013.021267719306,5013.021267719306,shared,1,2,False
miss,13,humor,Humor,1597.8737205144837,744.5187146730656,101,12,63209,21,3,humor:complement,U - Humor,853.3550058414181,336,50,393740,125,deviation,744.5187146730656,-5013.021267719306,5013.021267719306,shared,1,3,False
been,14,adventure,Adventure,3301.2475240643566,-1370.8189765177735,190,18,57554,18,1,adventure:complement,U - Adventure,4672.06650058213,1866,125,399395,128,deviation,-1370.8189765177735,-5013.021267719306,5013.021267719306,shared,1,1,False
been,14,romance,Romance,5911.71197363958,1723.6889715642656,488,23,82548,23,2,romance:complement,U - Romance,4188.023002075314,1568,120,374401,123,deviation,1723.6889715642656,-5013.021267719306,5013.021267719306,shared,1,2,False
been,14,humor,Humor,6043.4431805597305,1791.9066335998077,382,21,63209,21,3,humor:complement,U - Humor,4251.536546959923,1674,122,393740,125,deviation,1791.9066335998077,-5013.021267719306,5013.021267719306,shared,1,3,False
going,15,adventure,Adventure,1164.1241269069048,-373.20107746470717,67,13,57554,18,1,adventure:complement,U - Adventure,1537.325204371612,614,110,399395,128,deviation,-373.20107746470717,-5013.021267719306,5013.021267719306,shared,1,1,False
going,15,romance,Romance,1623.2979599748026,162.29758871511035,134,20,82548,23,2,romance:complement,U - Romance,1461.0003712596922,547,103,374401,123,deviation,162.29758871511035,-5013.021267719306,5013.021267719306,shared,1,2,False
going,15,humor,Humor,3005.901058393583,1758.8852611669868,190,21,63209,21,3,humor:complement,U - Humor,1247.015797226596,491,102,393740,125,deviation,1758.8852611669868,-5013.021267719306,5013.021267719306,shared,1,3,False
don,16,adventure,Adventure,1945.9985405010946,-758.0913955271478,112,13,57554,18,1,adventure:complement,U - Adventure,2704.0899360282424,1080,106,399395,128,deviation,-758.0913955271478,-5013.021267719306,5013.021267719306,shared,1,1,False
don,16,romance,Romance,2967.9701507001987,438.5965646253753,245,21,82548,23,2,romance:complement,U - Romance,2529.3735860748234,947,98,374401,123,deviation,438.5965646253753,-5013.021267719306,5013.021267719306,shared,1,2,False
don,16,humor,Humor,4113.338290433324,1746.294048039866,260,20,63209,21,3,humor:complement,U - Humor,2367.044242393458,932,99,393740,125,deviation,1746.294048039866,-5013.021267719306,5013.021267719306,shared,1,3,False
tom,17,adventure,Adventure,451.7496611877541,83.69297545057657,26,3,57554,18,1,adventure:complement,U - Adventure,368.05668573717753,147,13,399395,128,deviation,83.69297545057657,-5013.021267719306,5013.021267719306,shared,1,1,False
tom,17,romance,Romance,218.05494984736154,-195.9396708935018,18,4,82548,23,2,romance:complement,U - Romance,413.99462074086335,155,12,374401,123,deviation,-195.9396708935018,-5013.021267719306,5013.021267719306,shared,1,2,False
tom,17,humor,Humor,1882.64329446756,1745.4969542430465,119,4,63209,21,3,humor:complement,U - Humor,137.14634022451364,54,12,393740,125,deviation,1745.4969542430465,-5013.021267719306,5013.021267719306,shared,1,3,False
magpie,18,adventure,Adventure,260.62480453139665,-355.3067920083697,15,1,57554,18,1,adventure:complement,U - Adventure,615.9315965397664,246,2,399395,128,deviation,-355.3067920083697,-5013.021267719306,5013.021267719306,shared,1,1,False
magpie,18,romance,Romance,0.0,-697.1135226668732,0,0,82548,23,2,romance:complement,U - Romance,697.1135226668732,261,3,374401,123,deviation,-697.1135226668732,-5013.021267719306,5013.021267719306,shared,1,2,False
magpie,18,humor,Humor,2056.669145216662,1723.9622828201566,130,1,63209,21,3,humor:complement,U - Humor,332.70686239650536,131,2,393740,125,deviation,1723.9622828201566,-5013.021267719306,5013.021267719306,shared,1,3,False
white,19,adventure,Adventure,2710.4979671265246,1718.9983239161688,156,16,57554,18,1,adventure:complement,U - Adventure,991.4996432103557,396,94,399395,128,deviation,1718.9983239161688,-5013.021267719306,5013.021267719306,shared,1,1,False
white,19,romance,Romance,1066.0464214759897,-173.26650770956257,88,19,82548,23,2,romance:complement,U - Romance,1239.3129291855523,464,91,374401,123,deviation,-173.26650770956257,-5013.021267719306,5013.021267719306,shared,1,2,False
white,19,humor,Humor,711.9239348826908,-575.7278150030205,45,13,63209,21,3,humor:complement,U - Humor,1287.6517498857113,507,97,393740,125,deviation,-575.7278150030205,-5013.021267719306,5013.021267719306,shared,1,3,False
ricky,20,adventure,Adventure,1720.1237099072175,1667.544183373335,99,1,57554,18,1,adventure:complement,U - Adventure,52.5795265338825,21,3,399395,128,deviation,1667.544183373335,-5013.021267719306,5013.021267719306,shared,1,1,False
ricky,20,romance,Romance,0.0,-320.51196444453944,0,0,82548,23,2,romance:complement,U - Romance,320.51196444453944,120,4,374401,123,deviation,-320.51196444453944,-5013.021267719306,5013.021267719306,shared,1,2,False
ricky,20,humor,Humor,0.0,-304.76964494336363,0,0,63209,21,3,humor:complement,U - Humor,304.76964494336363,120,4,393740,125,deviation,-304.76964494336363,-5013.021267719306,5013.021267719306,shared,1,3,False
