story_id,selection_genre,audit_bucket,audit_features,token_key,sentence_index,token_index,global_token_index,text,lemma,machine_upos,context,gold_upos,notes
mass_quantities/long_odds__haggard,adventure,NOUN,noun_verb_ambiguous,mass_quantities/long_odds__haggard#g347,11,12,347,house,house,NOUN,"It was on the last evening of my stay at his house that he told the ensuing story to me and Captain Good, who was dining with him.",,
mass_quantities/long_odds__haggard,adventure,NOUN,contraction_or_possessive,mass_quantities/long_odds__haggard#g2196,72,9,2196,o'clock,o'clock,NOUN,"""I had trekked from dawn till eleven o'clock--a long trek--but I wanted to get on, and had turned the oxen out to graze, sending the voorlooper to look after them, my intention being to inspan again about six o'clock, and trek with the moon",,
mass_quantities/long_odds__haggard,adventure,NOUN,contraction_or_possessive,mass_quantities/long_odds__haggard#g2237,72,50,2237,o'clock,o'clock,NOUN,"""I had trekked from dawn till eleven o'clock--a long trek--but I wanted to get on, and had turned the oxen out to graze, sending the voorlooper to look after them, my intention being to inspan again about six o'clock, and trek with the moon",,
mass_quantities/long_odds__haggard,adventure,NOUN,archaic_candidate,mass_quantities/long_odds__haggard#g5545,175,29,5545,birth,birth,NOUN,"So I told Tom that he need not come unless he liked, but I was going; and being a plucky fellow, a Swazi by birth, he shrugged his shoulders, muttered that I was mad or bewitched, and followed doggedly in my tracks.",,
mass_quantities/the_red_fetish__long,adventure,NOUN,"contraction_or_possessive,hyphenated",mass_quantities/the_red_fetish__long#g847,52,11,847,thirst'--_he,thirst'--_he,NOUN,"I thought: 'This thirst--this dreadful thirst'--_he_ would put an end to it!"" Van Wyck shivered, and tears ran down his face and dampened his brittle red beard.",,
mass_quantities/to_the_lights__norton,adventure,NOUN,hyphenated,mass_quantities/to_the_lights__norton#g5148,213,9,5148,air--,air--,NOUN,"Thrown, he was--all in the air-- thrown like a dead fish--by they winchbars!” Captain Josh lunged to the port side, clung to the rail and stared outward, releasing his hold only to brush away the trickle of blood that again troublesomely ob",,
mass_quantities/to_the_lights__norton,adventure,NOUN,ordinary,mass_quantities/to_the_lights__norton#g7022,311,27,7022,abatement,abatement,NOUN,"For an hour she half fought, half fled with that nearly motionless figure steering her, and yet the storm showed no signs of abatement.",,
mass_quantities/to_the_lights__norton,adventure,NOUN,"proper_name_candidate,archaic_candidate",mass_quantities/to_the_lights__norton#g9452,418,3,9452,Death,death,NOUN,"Where is Death’s sting; where, grave, thy victory?",,
mass_quantities/long_odds__haggard,adventure,OTHER,ordinary,mass_quantities/long_odds__haggard#g135,5,5,135,a,a,DET,"He is persuaded that a white people, of which he has heard rumours all his life, exists somewhere on the highlands in the vast, still unexplored interior, and his great ambition is to find them before he dies.",,
mass_quantities/long_odds__haggard,adventure,OTHER,archaic_candidate,mass_quantities/long_odds__haggard#g646,20,5,646,beneath,beneath,ADP,"he said, stopping beneath an unusually large skull of a lion, which was fixed just over the mantelpiece, beneath a long row of guns, its jaws distended to their utmost width.",,
mass_quantities/the_adventure_of_elizabeth_morey_of_new_york_1901__becke,adventure,OTHER,"proper_name_candidate,hyphenated",mass_quantities/the_adventure_of_elizabeth_morey_of_new_york_1901__becke#g3998,105,25,3998,English--,english--,NUM,"The flotilla brought to within pistol-shot of the ship, and the woman stood up and called to him in English-- ""Come on shore and see the captain.",,
mass_quantities/the_red_fetish__long,adventure,OTHER,noun_verb_ambiguous,mass_quantities/the_red_fetish__long#g1517,98,2,1517,light,light,ADJ,A light wind furred the steel-gray sea with tiny ripples.,,
mass_quantities/the_red_fetish__long,adventure,OTHER,contraction_or_possessive,mass_quantities/the_red_fetish__long#g3112,206,6,3112,'em,them,PRON,"There are hundreds of 'em!""",,
mass_quantities/the_red_fetish__long,adventure,OTHER,contraction_or_possessive,mass_quantities/the_red_fetish__long#g3324,224,9,3324,'em,them,PRON,"""If we only had something to give 'em,"" he groaned.",,
mass_quantities/to_the_lights__norton,adventure,OTHER,hyphenated,mass_quantities/to_the_lights__norton#g1409,58,18,1409,and--,and--,NUM,"And us has got all this, and I be good for ten years more, and--” Again he stopped, scratched his white head with his fingers, seemed distracted, and worried, and ended with: “And so what the hell’s there to bother about?",,
mass_quantities/to_the_lights__norton,adventure,OTHER,hyphenated,mass_quantities/to_the_lights__norton#g2065,86,51,2065,and--,and--,NUM,"Wouldn’t you like it?” “I’d like it, all right, John,” said the skipper, “but what with bad catches and bad markets, and that fool experiment with motors, I haven’t the money, and--” The ship-chandler laughed as if immensely amused.",,
mass_quantities/long_odds__haggard,adventure,PROPN,"proper_name_candidate,contraction_or_possessive",mass_quantities/long_odds__haggard#g1952,63,20,1952,T'Chaka,T'Chaka,PROPN,"She could talk Zulu--indeed, it turned out that she had run away from Zululand in T'Chaka's time--and she told me that all the people whom I had seen had died of fever.",,
mass_quantities/long_odds__haggard,adventure,PROPN,"proper_name_candidate,noun_verb_ambiguous",mass_quantities/long_odds__haggard#g7311,235,23,7311,House,House,PROPN,"There he stood lashing his tail, just like a living reproduction of the animal on the gateway of Northumberland House that I have seen in a picture.",,
mass_quantities/the_adventure_of_elizabeth_morey_of_new_york_1901__becke,adventure,PROPN,"proper_name_candidate,archaic_candidate",mass_quantities/the_adventure_of_elizabeth_morey_of_new_york_1901__becke#g215,5,63,215,Elizabeth,Elizabeth,PROPN,"As soon as she had been boarded by the naval officer in charge of the port, and her papers examined, the master stated that he had had a very exciting adventure with the Tongatabu natives, who had attempted to cut off the ship, and that the",,
mass_quantities/the_adventure_of_elizabeth_morey_of_new_york_1901__becke,adventure,PROPN,"proper_name_candidate,archaic_candidate",mass_quantities/the_adventure_of_elizabeth_morey_of_new_york_1901__becke#g1107,27,24,1107,cloth,cloth,PROPN,"Within a couple of hours the smaller of the two boats returned, loaded with yams, ""gnatu"" (tappa cloth), baked pigs, and fish.",,
mass_quantities/the_seven_missionaries__mcneile,adventure,PROPN,"proper_name_candidate,hyphenated",mass_quantities/the_seven_missionaries__mcneile#g4021,198,7,4021,cigar--“if,cigar--“if,PROPN,"But if”--he drew deeply at his cigar--“if, Dick, it was not sent by a genuine parson, but by someone who wished to pose as the driveling idiot curate of fiction, why, my opinion of the brains of the church remains at par.” “Look here,” I sa",,
mass_quantities/the_spring_of_a_lion__haggard,adventure,PROPN,"proper_name_candidate,contraction_or_possessive",mass_quantities/the_spring_of_a_lion__haggard#g1990,62,21,1990,T'Chaka,T'Chaka,PROPN,"She could talk Zulu--indeed, it turned out that she had run away from Zululand in T'Chaka's time--and she told me that all the people that I had seen had died of fever.",,
mass_quantities/the_spring_of_a_lion__haggard,adventure,PROPN,"proper_name_candidate,noun_verb_ambiguous",mass_quantities/the_spring_of_a_lion__haggard#g7511,231,23,7511,House,House,PROPN,"There he stood, lashing his tail, just like a statue of the animal on the gateway of Northumberland House that I have seen a picture of.",,
mass_quantities/to_the_lights__norton,adventure,PROPN,"proper_name_candidate,hyphenated",mass_quantities/to_the_lights__norton#g2175,92,30,2175,"home,--“they’ll","home,--“they’ll",PROPN,"When my time comes, those up there on the hill--you know,”--and he jerked a heavy thumb over his shoulder in the direction of his home,--“they’ll have no debts of mine to meet.",,
anderson/bell,fantasy,NOUN,noun_verb_ambiguous,anderson/bell#g1247,34,7,1247,house,house,NOUN,"They afterwards came to a little house, made of branches and the bark of trees; a large wild apple-tree bent over it, as if it would shower down all its blessings on the roof, where roses were blooming.",,
anderson/dream_of_little_tuk,fantasy,NOUN,noun_verb_ambiguous,anderson/dream_of_little_tuk#g852,32,11,852,house,house,NOUN,"Some hundred paces from it lies the manor-house Ny Soe, where Thorwaldsen, the famed sculptor, generally sojourned during his stay in Denmark, and where he called many of his immortal works into existence.",,
anderson/elderbush,fantasy,NOUN,"proper_name_candidate,contraction_or_possessive",anderson/elderbush#g754,33,26,754,Granny'—and,granny'—and,NOUN,The people who live in the New Booths [*] have a much better name for her; they call her 'old Granny'—and she it is to whom you are to pay attention.,,
anderson/old_house,fantasy,NOUN,contraction_or_possessive,anderson/old_house#g3176,108,14,3176,hog's,hog's,NOUN,"One could see from the street right into the room with the hog's-leather hanging, which was slashed and torn; and the green grass and leaves about the balcony hung quite wild about the falling beams.",,
anderson/shoes_of_fortune,fantasy,NOUN,"proper_name_candidate,archaic_candidate",anderson/shoes_of_fortune#g5708,233,1,5708,Death,death,NOUN,Death is an electric shock which our heart receives; the freed soul soars upwards on the wings of electricity.,,
anderson/shoes_of_fortune,fantasy,NOUN,archaic_candidate,anderson/shoes_of_fortune#g9790,352,15,9790,bath,bath,NOUN,“I must do something in time: under such circumstances a Russian bath might do me good.,,
anderson/shoes_of_fortune,fantasy,NOUN,archaic_candidate,anderson/shoes_of_fortune#g9887,356,14,9887,bath,bath,NOUN,"And so there he lay on the uppermost bank in the vapor-bath; but with all his clothes on, in his boots and galoshes, while the hot drops fell scalding from the ceiling on his face.",,
anderson/snow_queen,fantasy,NOUN,ordinary,anderson/snow_queen#g11270,440,15,11270,abode,abode,NOUN,"The Snow Queen has her summer-tent there; but her fixed abode is high up towards the North Pole, on the Island called Spitzbergen.”",,
anderson/bell,fantasy,OTHER,ordinary,anderson/bell#g18,2,2,18,a,a,DET,For a strange wondrous tone was heard in the narrow streets of a large town.,,
anderson/emperor_s_new_clothes,fantasy,OTHER,noun_verb_ambiguous,anderson/emperor_s_new_clothes#g1839,73,6,1839,light,light,ADJ,"The whole suit is as light as a cobweb; one might fancy one has nothing at all on, when dressed in it; that, however, is the great virtue of this delicate cloth.”",,
anderson/fir_tree,fantasy,OTHER,archaic_candidate,anderson/fir_tree#g4022,195,29,4022,beneath,beneath,ADP,"“Only look what is still on the ugly old Christmas tree!” said he, trampling on the branches, so that they all cracked beneath his feet.",,
anderson/little_match_girl,fantasy,OTHER,noun_verb_ambiguous,anderson/little_match_girl#g972,33,12,972,light,light,ADJ,"She drew another match against the wall: it was again light, and in the lustre there stood the old grandmother, so bright and radiant, so mild, and with such an expression of love.",,
anderson/shoes_of_fortune,fantasy,OTHER,archaic_candidate,anderson/shoes_of_fortune#g13393,481,5,13393,beneath,beneath,ADP,"“I flew about beneath the green palms and the blossoming almond-trees,” sang the Canary; “I flew around, with my brothers and sisters, over the beautiful flowers, and over the glassy lakes, where the bright water-plants nodded to me from be",,
anderson/shoes_of_fortune,fantasy,OTHER,"proper_name_candidate,archaic_candidate",anderson/shoes_of_fortune#g14295,523,2,14295,Best,good,ADJ,"The Best That the Galoshes Gave The following day, early in the morning, while the Clerk was still in bed, someone knocked at his door.",,
anderson/snow_queen,fantasy,OTHER,contraction_or_possessive,anderson/snow_queen#g1295,41,4,1295,'d,would,AUX,"“Then I'd put her on the stove, and she'd melt.”",,
anderson/snow_queen,fantasy,OTHER,contraction_or_possessive,anderson/snow_queen#g1305,41,14,1305,'d,would,AUX,"“Then I'd put her on the stove, and she'd melt.”",,
anderson/happy_family,fantasy,PROPN,"proper_name_candidate,noun_verb_ambiguous",anderson/happy_family#g475,11,32,475,house,house,PROPN,"The old white snails were the first persons of distinction in the world, that they knew; the forest was planted for their sake, and the manor-house was there that they might be boiled and laid on a silver dish.",,
anderson/happy_family,fantasy,PROPN,"proper_name_candidate,noun_verb_ambiguous",anderson/happy_family#g855,26,5,855,house,house,PROPN,“The manor-house has most likely fallen to ruin!” said Father Snail.,,
anderson/shoes_of_fortune,fantasy,PROPN,"proper_name_candidate,contraction_or_possessive",anderson/shoes_of_fortune#g9710,349,8,9710,madness—'tis,madness—'tis,PROPN,“I have surely a disposition to madness—'tis dreadfully hot here; my blood boils in my veins and my head is burning like a coal.”,,
anderson/shoes_of_fortune,fantasy,PROPN,"proper_name_candidate,contraction_or_possessive,hyphenated",anderson/shoes_of_fortune#g15763,575,18,15763,cocks'-combs,cocks'-combs,PROPN,The last ingredient played a very prominent part in the salad; stale eggs and roasted cocks'-combs furnished the grand dish of the repast; the wine even was not without a disgusting taste—it was like a medicinal draught.,,
anderson/shoes_of_fortune,fantasy,PROPN,"proper_name_candidate,contraction_or_possessive",anderson/shoes_of_fortune#g16223,597,6,16223,o'er,o'er,PROPN,But the green mound that o'er the coffin lies.”,,
anderson/snow_queen,fantasy,PROPN,"proper_name_candidate,archaic_candidate",anderson/snow_queen#g9875,383,1,9875,FIFTH,FIFTH,PROPN,FIFTH STORY.,,
anderson/story_of_a_mother,fantasy,PROPN,"proper_name_candidate,archaic_candidate",anderson/story_of_a_mother#g268,9,8,268,Death,Death,PROPN,"And the old man—it was Death himself—he nodded so strangely, it could just as well signify yes as no.",,
anderson/story_of_a_mother,fantasy,PROPN,"proper_name_candidate,archaic_candidate",anderson/story_of_a_mother#g1142,34,6,1142,Death,Death,PROPN,"“Where shall I find Death, who took away my little child?” said she.",,
lovecraft/cool_air,horror,NOUN,noun_verb_ambiguous,lovecraft/cool_air#g232,9,31,232,house,house,NOUN,"I found it in the glare of midafternoon, in the clangor of a metropolis, and in the teeming midst of a shabby and commonplace rooming-house with a prosaic landlady and two stalwart men by my side.",,
lovecraft/the_call_of_cthulhu,horror,NOUN,ordinary,lovecraft/the_call_of_cthulhu#g1492,43,6,1492,1st,1st,NOUN,"It appears that on March 1st, 1925, a thin, dark young man of neurotic and excited aspect had called upon Professor Angell bearing the singular clay bas-relief, which was then exceedingly damp and fresh.",,
lovecraft/the_call_of_cthulhu,horror,NOUN,archaic_candidate,lovecraft/the_call_of_cthulhu#g9931,294,48,9931,12th,12th,NOUN,"The Morrison Co.'s freighter Vigilant , bound from Valparaiso, arrived this morning at its wharf in Darling Harbour, having in tow the battled and disabled but heavily armed steam yacht Alert of Dunedin, N. Z., which was sighted April 12th ",,
lovecraft/the_thing_on_the_doorstep,horror,NOUN,contraction_or_possessive,lovecraft/the_thing_on_the_doorstep#g2753,93,12,2753,crow's,crow',NOUN,"Asenath, on the other hand, had the premature crow's-feet which come from the exercise of an intense will.",,
lovecraft/the_thing_on_the_doorstep,horror,NOUN,"proper_name_candidate,contraction_or_possessive",lovecraft/the_thing_on_the_doorstep#g5307,175,90,5307,I'll,i'll,NOUN,"Kamog!'—that was old Ephraim's secret name in the coven—I was there, where she promised she wouldn't take me—A minute before I was locked in the library, and then I was there where she had gone with my body—in the place of utter blasphemy, ",,
lovecraft/the_thing_on_the_doorstep,horror,NOUN,contraction_or_possessive,lovecraft/the_thing_on_the_doorstep#g9010,322,29,9010,body'd,body'd,NOUN,"She'd have got me for good—she'd have been I, and I'd have been she—for ever—too late—My body'd have been hers for good—She'd have been a man, and fully human, just as she wanted to be—I suppose she'd have put me out of the way—killed her o",,
mass_quantities/brown_john_s_body__marks,horror,NOUN,hyphenated,mass_quantities/brown_john_s_body__marks#g5465,411,13,5465,bih----,bih----,NOUN,"""John, say the alphabet!"" ""Eh--bih----"" ""That's right.",,
mass_quantities/dig_me_no_grave__howard,horror,NOUN,hyphenated,mass_quantities/dig_me_no_grave__howard#g5869,246,2,5869,----Ye,----ye,NOUN,"""----Ye abysse yawns & ye debt is to paye.",,
lovecraft/the_call_of_cthulhu,horror,OTHER,ordinary,lovecraft/the_call_of_cthulhu#g10190,300,28,10190,22d,22d,NUM,"The Emma , he says, was delayed and thrown widely south of her course by the great storm of March 1st, and on March 22d, in S. Latitude 49° 51´, W. Longitude 128° 34´, encountered the Alert , manned by a queer and evil-looking crew of Kanak",,
lovecraft/the_haunter_of_the_dark,horror,OTHER,noun_verb_ambiguous,lovecraft/the_haunter_of_the_dark#g1277,31,44,1277,house,house,VERB,"Now and then he would train his field-glasses on that spectral, unreachable world beyond the curling smoke; picking out individual roofs and chimneys and steeples, and speculating upon the bizarre and curious mysteries they might house.",,
lovecraft/the_horror_at_red_hook,horror,OTHER,archaic_candidate,lovecraft/the_horror_at_red_hook#g4441,96,69,4441,ablest,able,ADJ,"They had come in steamships, apparently tramp freighters, and had been unloaded by stealth on moonless nights in rowboats which stole under a certain wharf and followed a hidden canal and house Malone could not locate, for the memories of h",,
lovecraft/the_thing_on_the_doorstep,horror,OTHER,"proper_name_candidate,contraction_or_possessive",lovecraft/the_thing_on_the_doorstep#g5319,175,102,5319,I'll,i'll,NUM,"Kamog!'—that was old Ephraim's secret name in the coven—I was there, where she promised she wouldn't take me—A minute before I was locked in the library, and then I was there where she had gone with my body—in the place of utter blasphemy, ",,
lovecraft/the_thing_on_the_doorstep,horror,OTHER,contraction_or_possessive,lovecraft/the_thing_on_the_doorstep#g5768,192,3,5768,'d,would,AUX,Sometimes she'd get hold of him again and sometimes she couldn't.,,
lovecraft/the_thing_on_the_doorstep,horror,OTHER,contraction_or_possessive,lovecraft/the_thing_on_the_doorstep#g8954,321,2,8954,'d,would,AUX,"She'd have got me for good at Hallowmass—they hold a Sabbat up there beyond Chesuncook, and the sacrifice would have clinched things.",,
mass_quantities/dig_me_no_grave__howard,horror,OTHER,hyphenated,mass_quantities/dig_me_no_grave__howard#g5251,213,2,5251,----And,----and,CCONJ,"""----And ye mortal which gaineth to ye black citadels of Koth & speaks with ye Darke Lord whose face is hidden, for a price maye he gain hys heartes desire, ryches & knowledge beyond countinge & lyffe beyond mortal span even two hundred & f",,
mass_quantities/dig_me_no_grave__howard,horror,OTHER,hyphenated,mass_quantities/dig_me_no_grave__howard#g5473,225,2,5473,----Amonge,----amonge,VERB,"""----Amonge ye sonnes of men glide strange shadows for ever.",,
lovecraft/the_call_of_cthulhu,horror,PROPN,"proper_name_candidate,contraction_or_possessive",lovecraft/the_call_of_cthulhu#g5805,161,9,5805,D'Iberville,D'Iberville,PROPN,"They said it had been there before D'Iberville, before La Salle, before the Indians, and before even the wholesome beasts and birds of the woods.",,
lovecraft/the_festival,horror,PROPN,"proper_name_candidate,noun_verb_ambiguous",lovecraft/the_festival#g757,19,55,757,House,House,PROPN,"It was told that I should be known and welcomed, for village legend lives long; so I hastened through Back Street to Circle Court, and across the fresh snow on the one full flagstone pavement in the town, to where Green Lane leads off behin",,
lovecraft/the_haunter_of_the_dark,horror,PROPN,"proper_name_candidate,contraction_or_possessive",lovecraft/the_haunter_of_the_dark#g4113,129,31,4113,d'Erlette,d'Erlette,PROPN,"He had himself read many of them—a Latin version of the abhorred Necronomicon , the sinister Liber Ivonis , the infamous Cultes des Goules of Comte d'Erlette, the Unaussprechlichen Kulten of von Junzt, and old Ludvig Prinn's hellish De Verm",,
lovecraft/the_haunter_of_the_dark,horror,PROPN,"proper_name_candidate,archaic_candidate",lovecraft/the_haunter_of_the_dark#g5391,168,7,5391,4th,4th,PROPN,""" ""Dr. Drowne of 4th Baptist warns against Starry Wisdom in sermon Dec. 29, 1844."" ""Congregation 97 by end of '45."" ""1846—3 disappearances—first mention of Shining Trapezohedron.",,
mass_quantities/brown_john_s_body__marks,horror,PROPN,"proper_name_candidate,contraction_or_possessive,hyphenated",mass_quantities/brown_john_s_body__marks#g6026,474,4,6026,I'll--,I'll--,PROPN,"Stop or I'll--"" Neff's threats beat hard into the rat's brain, and now as the slanting incisors tore at the cloth and chewed the luscious, blood-smothered, hot meat, Neff's screams sent tremors through the skinny, voracious body, and the ta",,
mass_quantities/dig_me_no_grave__howard,horror,PROPN,"proper_name_candidate,archaic_candidate",mass_quantities/dig_me_no_grave__howard#g5773,238,2,5773,Approacheth,Approacheth,PROPN,"""Approacheth now ye moment of payement.",,
mass_quantities/don_t_think_about_it__stuart,horror,PROPN,"proper_name_candidate,hyphenated",mass_quantities/don_t_think_about_it__stuart#g3451,220,33,3451,blue--,blue--,PROPN,"If he had to, he would fight this one out all the way--tears, tantrum, kick, scream, gasp, hold his breath and turn blue-- ""Now, now, Tommy-boy.""",,
mass_quantities/doom_of_the_house_of_duryea__peirce,horror,PROPN,"proper_name_candidate,contraction_or_possessive",mass_quantities/doom_of_the_house_of_duryea__peirce#g4868,234,5,4868,d'Arc,d'Arc,PROPN,"He read of Jeanne d'Arc, of Ludvig Prinn, and muttered aloud the Latin snatches from _Episcopi_.",,
mass_quantities/eve_s_diary_complete__twain,humor,NOUN,noun_verb_ambiguous,mass_quantities/eve_s_diary_complete__twain#g5785,231,66,5785,house,house,NOUN,"She believed it could be tamed by kind treatment and would be a good pet; I said a pet twenty-one feet high and eighty-four feet long would be no proper thing to have about the place, because, even with the best intentions and without meani",,
mass_quantities/the_facts_concerning_the_recent_carnival_of_crime__twain,humor,NOUN,hyphenated,mass_quantities/the_facts_concerning_the_recent_carnival_of_crime__twain#g3932,163,6,3932,as--,as--,NOUN,That is as far as--” “We will have no argument about this.,,
mass_quantities/the_westminster_alice__saki,humor,NOUN,"proper_name_candidate,hyphenated",mass_quantities/the_westminster_alice__saki#g6164,261,8,6164,Caterpillar----,caterpillar----,NOUN,"“You can’t think, Mr. Caterpillar----” “I can, and I often do,” he remarked stiffly; adding, “You mustn’t make such wild statements.",,
wodehouse/at_geisenheimer_s,humor,NOUN,contraction_or_possessive,wodehouse/at_geisenheimer_s#g8060,454,2,8060,boss'll,boss'll,NOUN,"The boss'll sack you just one minute after I tell him.' 'No, he won't, Izzy, because I'm going to resign.'",,
wodehouse/bill_the_bloodhound,humor,NOUN,ordinary,wodehouse/bill_the_bloodhound#g4783,270,22,4783,ability,ability,NOUN,She had secured the role rather as a testimony of personal esteem from the management than because of any innate ability.,,
wodehouse/bill_the_bloodhound,humor,NOUN,"proper_name_candidate,archaic_candidate",wodehouse/bill_the_bloodhound#g5450,300,9,5450,Bath,bath,NOUN,"The family butler, disguised as a Bath-chair man, has followed the hero, and the wealthy and titled father, disguised as an Italian opera-singer, has come to the place for a reason which, though extremely sound, for the moment eludes the me",,
wodehouse/making_of_mac_s,humor,NOUN,"proper_name_candidate,contraction_or_possessive",wodehouse/making_of_mac_s#g1913,85,10,1913,I'm,I'm,NOUN,'What do you mean?' 'I'm—I'm going on the stage.' I put down my paper.,,
wodehouse/one_touch_of_nature,humor,NOUN,contraction_or_possessive,wodehouse/one_touch_of_nature#g2922,153,24,2922,d'oeuvres,d'oeuvre,NOUN,"About now,' said Mr Birdsey, looking at his watch, 'I guess they'll be pronging the hors d'oeuvres and gazing at the empty chair.",,
mass_quantities/eve_s_diary_complete__twain,humor,OTHER,hyphenated,mass_quantities/eve_s_diary_complete__twain#g3389,144,9,3389,--never,--never,INTJ,"ah, I shall never forget that --never, never.",,
mass_quantities/eve_s_diary_complete__twain,humor,OTHER,"proper_name_candidate,contraction_or_possessive",mass_quantities/eve_s_diary_complete__twain#g6868,267,4,6868,CAN'T,can't,AUX,"Some things you CAN'T find out; but you will never know you can't by guessing and supposing: no, you have to be patient and go on experimenting until you find out that you can't find out.",,
mass_quantities/puppet_government__revelle,humor,OTHER,contraction_or_possessive,mass_quantities/puppet_government__revelle#g4374,337,6,4374,'d,would,AUX,"""Now I think you'd better leave Mr....."" ""Evans!"" ""Mr. Evans.",,
mass_quantities/puppet_government__revelle,humor,OTHER,hyphenated,mass_quantities/puppet_government__revelle#g4896,380,4,4896,afraid--,afraid--,ADJ,"""I'm afraid--"" The President looked back at his reflection on the glass.",,
mass_quantities/puppet_government__revelle,humor,OTHER,contraction_or_possessive,mass_quantities/puppet_government__revelle#g5109,391,3,5109,'d,would,AUX,"""I'd like to take it home to my granddaughter.",,
mass_quantities/the_facts_concerning_the_recent_carnival_of_crime__twain,humor,OTHER,noun_verb_ambiguous,mass_quantities/the_facts_concerning_the_recent_carnival_of_crime__twain#g3111,119,37,3111,light,light,ADJ,"Fool, I should have weighed a ton, and could not have budged from the floor; but instead, you are so cheerfully anxious to kill me that your conscience is as light as a feather; hence I am away up here out of your reach.",,
wodehouse/bill_the_bloodhound,humor,OTHER,ordinary,wodehouse/bill_the_bloodhound#g178,11,3,178,1.—The,1.—the,NUM,No. 1.—The,,
wodehouse/romance_of_an_ugly_policeman,humor,OTHER,archaic_candidate,wodehouse/romance_of_an_ugly_policeman#g1465,78,5,1465,arrest,arrest,VERB,And you couldn't arrest him for it!,,
mass_quantities/eve_s_diary_complete__twain,humor,PROPN,"proper_name_candidate,contraction_or_possessive",mass_quantities/eve_s_diary_complete__twain#g5260,221,4,5260,'S,'S,PROPN,"EXTRACT FROM ADAM'S DIARY Perhaps I ought to remember that she is very young, a mere girl and make allowances.",,
mass_quantities/the_facts_concerning_the_recent_carnival_of_crime__twain,humor,PROPN,"proper_name_candidate,hyphenated",mass_quantities/the_facts_concerning_the_recent_carnival_of_crime__twain#g5705,247,11,5705,and--,and--,PROPN,"Now if you were five or six feet high, and--” “Oh, come!",,
mass_quantities/the_lamplighter__dickens,humor,PROPN,"proper_name_candidate,noun_verb_ambiguous",mass_quantities/the_lamplighter__dickens#g254,8,36,254,House,House,PROPN,"The lamplighter who did the company this honour, was seated in the chimney-corner of a certain tavern, which has been, time out of mind, the Lamplighters’ House of Call.",,
mass_quantities/the_westminster_alice__saki,humor,PROPN,"proper_name_candidate,hyphenated",mass_quantities/the_westminster_alice__saki#g1491,64,7,1491,conclusion_--not,conclusion_--not,PROPN,"“Not exactly to a _conclusion_--not a _definite_ conclusion, you know--nor entirely successful either.",,
mass_quantities/the_westminster_alice__saki,humor,PROPN,"proper_name_candidate,archaic_candidate",mass_quantities/the_westminster_alice__saki#g5706,241,2,5706,Both,Both,PROPN,"“Both?” “Yes, the one I was playing with and the one I wasn’t.",,
wodehouse/at_geisenheimer_s,humor,PROPN,"proper_name_candidate,archaic_candidate",wodehouse/at_geisenheimer_s#g6038,342,24,6038,blacksmith,blacksmith,PROPN,"'Well,' says Charlie, taking out his handkerchief and attending to his brow, which was like the village blacksmith's, 'we didn't do so bad, did we?",,
wodehouse/black_for_luck,humor,PROPN,"proper_name_candidate,contraction_or_possessive",wodehouse/black_for_luck#g1088,51,22,1088,bird's,bird's,PROPN,"Having searched the flat without finding him, Elizabeth went to the window, with the intention of making a bird's-eye survey of the street.",,
wodehouse/sea_of_troubles,humor,PROPN,"proper_name_candidate,contraction_or_possessive",wodehouse/sea_of_troubles#g323,17,20,323,Bailey's,Bailey's,PROPN,"Perkins's Premier Pain-Preventer, strongly recommended by the sword-swallowing lady at Barnum and Bailey's—he had wallowed in it.",,
chesterton/blue_cross,mystery,NOUN,noun_verb_ambiguous,chesterton/blue_cross#g2058,73,30,2058,house,house,NOUN,"Instead of going to the right places—banks, police stations, rendezvous—he systematically went to the wrong places; knocked at every empty house, turned down every cul de sac, went up every lane blocked with rubbish, went round every cresce",,
chesterton/blue_cross,mystery,NOUN,ordinary,chesterton/blue_cross#g5174,196,9,5174,14s,14,NOUN,"But now I saw I’d put 14s., as plain as paint.”",,
mass_quantities/my_friend_the_murderer__doyle,mystery,NOUN,contraction_or_possessive,mass_quantities/my_friend_the_murderer__doyle#g3181,133,3,3181,d'ye,d'ye,NOUN,"""What d'ye mean?""",,
mass_quantities/my_friend_the_murderer__doyle,mystery,NOUN,"proper_name_candidate,contraction_or_possessive",mass_quantities/my_friend_the_murderer__doyle#g3337,143,4,3337,D'ye,d'ye,NOUN,""" ""D'ye call this a civilized land,"" I cried, ""and let a man be murdered in cold blood in open daylight?",,
mass_quantities/splashes_of_red__davis,mystery,NOUN,hyphenated,mass_quantities/splashes_of_red__davis#g6661,321,8,6661,and----,and----,NOUN,"“A habeas corpus and reasonable bail and----” Curly began, but Campbell shook his head.",,
mass_quantities/splashes_of_red__davis,mystery,NOUN,"hyphenated,archaic_candidate",mass_quantities/splashes_of_red__davis#g7839,373,12,7839,roughridin’--with,roughridin’--with,NOUN,"And him and me is going to do some more roughridin’--with a certain know-it-all gent to be rode--along about court time in the mornin’.” “Moore was right at that, in a way,” murmured the ex-ranger as the patrolman left to ring for the patro",,
mass_quantities/the_adventure_of_the_red_circle__doyle,mystery,NOUN,contraction_or_possessive,mass_quantities/the_adventure_of_the_red_circle__doyle#g1336,71,24,1336,'s,'s,NOUN,"You will observe that the paper is torn away at the side here after the printing was done, so that the 's' of 'soap' is partly gone.",,
mass_quantities/the_adventure_of_the_red_circle__doyle,mystery,NOUN,"proper_name_candidate,contraction_or_possessive,hyphenated",mass_quantities/the_adventure_of_the_red_circle__doyle#g2496,132,12,2496,Club'--that,club'--that,NOUN,'Lady with a black boa at Prince's Skating Club'--that we may pass.,,
chesterton/blue_cross,mystery,OTHER,ordinary,chesterton/blue_cross#g5160,194,15,5160,4s,4s,NUM,"“Well, I’d have sworn on seven Bibles that I’d put 4s.",,
chesterton/blue_cross,mystery,OTHER,noun_verb_ambiguous,chesterton/blue_cross#g5987,227,37,5987,light,light,ADJ,The street they threaded was so narrow and shut in by shadows that when they came out unexpectedly into the void common and vast sky they were startled to find the evening still so light and clear.,,
chesterton/sins_of_prince_saradine,mystery,OTHER,archaic_candidate,chesterton/sins_of_prince_saradine#g415,13,11,415,arrest,arrest,VERB,That trick of yours of getting one detective to arrest the other was the most splendid scene in French history.”,,
mass_quantities/my_friend_the_murderer__doyle,mystery,OTHER,contraction_or_possessive,mass_quantities/my_friend_the_murderer__doyle#g428,19,50,428,'d,would,AUX,"You see me trudging about all day at my practise, when I'm not looking after the prisoners, and coming back every night as tired as a dog, and you talk about finding an excuse for doing more work."" ""You'd like it, doctor,"" said Warder McPhe",,
mass_quantities/my_friend_the_murderer__doyle,mystery,OTHER,contraction_or_possessive,mass_quantities/my_friend_the_murderer__doyle#g474,20,26,474,'d,would,AUX,"""That man's story's worth listening to if you could get him to tell it, though he's not what you'd call free in his speech.",,
mass_quantities/the_adventure_of_the_dying_detective__doyle,mystery,OTHER,"proper_name_candidate,contraction_or_possessive",mass_quantities/the_adventure_of_the_dying_detective__doyle#g6487,388,28,6487,I'm,i'm,PRON,"Did anything come by post?"" ""By post?"" ""A box by chance?"" ""I'm fainting--I'm gone!"" ""Listen, Holmes!""",,
mass_quantities/the_adventure_of_the_red_circle__doyle,mystery,OTHER,"contraction_or_possessive,hyphenated",mass_quantities/the_adventure_of_the_red_circle__doyle#g2512,133,11,2512,heart'--that,heart'--that,PRON,'Surely Jimmy will not break his mother's heart'--that appears to be irrelevant.,,
mass_quantities/the_adventure_of_the_red_circle__doyle,mystery,OTHER,hyphenated,mass_quantities/the_adventure_of_the_red_circle__doyle#g3018,174,21,3018,about--,about--,VERB,"But I'm at the end of my patience, and when it comes to knocking my old man about--"" ""Knocking Mr. Warren about?"" ""Using him roughly, anyway.""",,
chesterton/flying_stars,mystery,PROPN,"proper_name_candidate,noun_verb_ambiguous",chesterton/flying_stars#g5139,187,17,5139,house,house,PROPN,"“She has lately,” cried out old Fischer, “opened her father’s house to a cut-throat Socialist, who says openly he would steal anything from a richer man.",,
chesterton/hammer_of_god,mystery,PROPN,"proper_name_candidate,archaic_candidate",chesterton/hammer_of_god#g605,23,21,605,blacksmith,blacksmith,PROPN,"He seemed to live for nothing but his religion; but there were some who said (notably the blacksmith, who was a Presbyterian) that it was a love of Gothic architecture rather than of God, and that his haunting of the church like a ghost was",,
chesterton/hammer_of_god,mystery,PROPN,"proper_name_candidate,archaic_candidate",chesterton/hammer_of_god#g794,28,6,794,blacksmith,blacksmith,PROPN,"There only remained the blacksmith’s shop, and though the blacksmith was a Puritan and none of his people, Wilfred Bohun had heard some scandals about a beautiful and rather celebrated wife.",,
chesterton/sins_of_prince_saradine,mystery,PROPN,"proper_name_candidate,noun_verb_ambiguous",chesterton/sins_of_prince_saradine#g448,14,20,448,House,House,PROPN,"On the front of the card was engraved in the formal fashion, “Prince Saradine, Reed House, Reed Island, Norfolk.”",,
mass_quantities/back_home__davis,mystery,PROPN,"proper_name_candidate,hyphenated",mass_quantities/back_home__davis#g3915,151,17,3915,-and,-and,PROPN,Less than half an hour ago he got him a gun--a .45--and a box of cartridges.”,,
mass_quantities/the_adventure_of_the_dying_detective__doyle,mystery,PROPN,"proper_name_candidate,contraction_or_possessive",mass_quantities/the_adventure_of_the_dying_detective__doyle#g6176,370,16,6176,I've,I've,PROPN,"""Yes, yes."" ""The fellow who came for me--I've forgotten his name--said that you contracted it down in the East End among the sailors.",,
mass_quantities/the_adventure_of_the_red_circle__doyle,mystery,PROPN,"proper_name_candidate,contraction_or_possessive,hyphenated",mass_quantities/the_adventure_of_the_red_circle__doyle#g2528,134,10,2528,bus'--she,bus'--she,PROPN,'If the lady who fainted on Brixton bus'--she does not interest me.,,
mass_quantities/the_leak__futrelle,mystery,PROPN,"proper_name_candidate,hyphenated",mass_quantities/the_leak__futrelle#g959,44,34,959,and----,and----,PROPN,"""It isn't a crime--that is, a crime that can be reached by law,"" Grayson hurried on, ""but it has cost me millions, and----"" For one instant The Thinking Machine lowered his squint eyes to those of his visitor, then raised them again.",,
mass_quantities/a_philanthropist__bacon,romance,NOUN,noun_verb_ambiguous,mass_quantities/a_philanthropist__bacon#g139,7,31,139,house,house,NOUN,"He came twice to the League, and we were really quite hopeful about him, and the third time he asked to have the meeting at his house.",,
mass_quantities/a_philanthropist__bacon,romance,NOUN,"contraction_or_possessive,hyphenated",mass_quantities/a_philanthropist__bacon#g7137,253,29,7137,laughin'--you'd,laughin'--you'd,NOUN,"""An' he goes squintin' about here an' there, changin' this an' that, an' singin' away an' laughin'--you'd think he'd have a fit.",,
mass_quantities/a_reversion_to_type__bacon,romance,NOUN,contraction_or_possessive,mass_quantities/a_reversion_to_type__bacon#g2331,139,6,2331,doin',do,NOUN,"I know when I'm doin' well, an' that's as I am!"" ""'Tis strange that the men sh'd think different, now, but they do!""",,
mass_quantities/julia_the_apostate__bacon,romance,NOUN,"contraction_or_possessive,hyphenated",mass_quantities/julia_the_apostate__bacon#g835,35,20,835,"form--""don't","form--""don't",NOUN,"""For heaven's sake, Aunt Jule""--in moments of intense exasperation they reverted unconsciously to the old form--""don't speak of her as if she smoked for a living!"" ""I should rather not speak of her at all,"" said Miss Trueman severely.",,
mass_quantities/julia_the_apostate__bacon,romance,NOUN,ordinary,mass_quantities/julia_the_apostate__bacon#g5706,241,13,5706,1st,1st,NOUN,"Tired and cross after four hours' travel on an incredibly hot 1st of April, they walked sternly up the board walk that led to the old-style porch, to be greeted by their cousin, who sat in snowy shirtsleeves, tilted back in his chair agains",,
mass_quantities/le_monsieur_de_la_petite_dame__burnett,romance,NOUN,"contraction_or_possessive,hyphenated",mass_quantities/le_monsieur_de_la_petite_dame__burnett#g929,45,16,929,"dame,'_--and","dame,'_--and",NOUN,"bon mot: 'Un monsieur, Madame--le monsieur de la petite dame,'_--and, being repeated and tossed lightly from hand to hand, it has become at last an established witticism, albeit bandied under breath.",,
mass_quantities/one_day_at_arle__burnett,romance,NOUN,"proper_name_candidate,contraction_or_possessive",mass_quantities/one_day_at_arle__burnett#g1127,40,2,1127,Tha'st,tha'st,NOUN,"""Tha'st towd me a power o' lies,"" she said.",,
mass_quantities/the_courting_of_lady_jane__bacon,romance,NOUN,archaic_candidate,mass_quantities/the_courting_of_lady_jane__bacon#g221,11,7,221,bath,bath,NOUN,"""Please get off that bath-wrapper.",,
mass_quantities/a_philanthropist__bacon,romance,OTHER,contraction_or_possessive,mass_quantities/a_philanthropist__bacon#g1678,70,17,1678,'d,would,AUX,"An' he says that she didn't care a hang, but that she'd tell the next man that come along to move it back to where I got it from; he said 'twas a matter",,
mass_quantities/a_philanthropist__bacon,romance,OTHER,contraction_or_possessive,mass_quantities/a_philanthropist__bacon#g6495,228,3,6495,'d,would,AUX,"Now I'd be there Wednesdays to meet the mothers, and Mrs. Underwood Saturdays for the Band of Hope and the kitchen-garden.",,
mass_quantities/a_reversion_to_type__bacon,romance,OTHER,noun_verb_ambiguous,mass_quantities/a_reversion_to_type__bacon#g3050,159,2,3050,light,light,ADJ,"A light knock at the door recalled to her the utter lack of privacy that put her at the mercy of laundress, sophomore, and expressman.",,
mass_quantities/john_bull_on_the_guadalquivir_from_tales_from_all__trollope,romance,OTHER,ordinary,mass_quantities/john_bull_on_the_guadalquivir_from_tales_from_all__trollope#g1176,30,11,1176,1st,1st,ADJ,"“He’ll go out by the packet of the 1st April,” said my father, speaking of me as though I were a bale of goods.",,
mass_quantities/le_monsieur_de_la_petite_dame__burnett,romance,OTHER,"proper_name_candidate,contraction_or_possessive",mass_quantities/le_monsieur_de_la_petite_dame__burnett#g3240,144,1,3240,Don't,don't,NUM,"Don't--don't become that terrible thing, a fine lady, and worse still, a fine lady who is _desillusionee_"" It baffled him that she never appeared much moved, by his charges.",,
mass_quantities/mrs_dud_s_sister__bacon,romance,OTHER,"contraction_or_possessive,hyphenated",mass_quantities/mrs_dud_s_sister__bacon#g2284,103,23,2284,boys'--you,boys'--you,PRON,"""I was six years old then,"" she said; ""and you were one of the 'big boys'--you were fourteen."" ""That's a long while,"" he suggested laughingly.",,
mass_quantities/one_day_at_arle__burnett,romance,OTHER,"proper_name_candidate,hyphenated,archaic_candidate",mass_quantities/one_day_at_arle__burnett#g3114,106,1,3114,"Aye""--with","aye""--with",ADP,"Aye""--with the passionate hand-wringing again--""but that wunnot undo it.",,
mass_quantities/the_courting_of_lady_jane__bacon,romance,OTHER,"contraction_or_possessive,hyphenated",mass_quantities/the_courting_of_lady_jane__bacon#g721,42,14,721,didn't--,didn't--,VERB,"""But--but perhaps there were other reasons; perhaps she didn't--"" ""Oh, probably she didn't.",,
mass_quantities/a_philanthropist__bacon,romance,PROPN,"proper_name_candidate,contraction_or_possessive,archaic_candidate",mass_quantities/a_philanthropist__bacon#g7740,273,11,7740,C'est,C'est,PROPN,"""And you are really quite recovered? _C'est bien!_",,
mass_quantities/amy_foster__conrad,romance,PROPN,"proper_name_candidate,noun_verb_ambiguous",mass_quantities/amy_foster__conrad#g4997,161,4,4997,house,house,PROPN,His father’s house was getting over full.,,
mass_quantities/le_monsieur_de_la_petite_dame__burnett,romance,PROPN,"proper_name_candidate,hyphenated,archaic_candidate",mass_quantities/le_monsieur_de_la_petite_dame__burnett#g545,24,5,545,"class,""--with","class,""--with",PROPN,"You know the class,""--with a little wave of the hand,--""rich, unconventional, comfortable people, who live well and dress well, and have an incomprehensibly _naive_ way of going to impossible places and doing impossible things by way of enj",,
mass_quantities/le_monsieur_de_la_petite_dame__burnett,romance,PROPN,"proper_name_candidate,contraction_or_possessive",mass_quantities/le_monsieur_de_la_petite_dame__burnett#g2172,104,8,2172,Aylmer's,Aylmer's,PROPN,That _protegee_ of Mrs. Aylmer's--the little singing girl--would touch your heart with her voice.,,
mass_quantities/le_monsieur_de_la_petite_dame__burnett,romance,PROPN,"proper_name_candidate,hyphenated",mass_quantities/le_monsieur_de_la_petite_dame__burnett#g5811,285,11,5811,--began,--began,PROPN,"""If you tell Arthur that Bertha looks ill ""--began Jenny.",,
mass_quantities/one_day_at_arle__burnett,romance,PROPN,"proper_name_candidate,contraction_or_possessive",mass_quantities/one_day_at_arle__burnett#g2312,79,49,2312,'em,them,PROPN,"When yo' wur a little lass gatherin' sea-weed on th' sands I watched yo' when I wur afeared to speak--afeared lest yo'd gi' me a sharp answer, fur yo' wur ready enow wi' 'em, wench.",,
mass_quantities/one_day_at_arle__burnett,romance,PROPN,"proper_name_candidate,contraction_or_possessive,hyphenated",mass_quantities/one_day_at_arle__burnett#g5306,199,16,5306,"an'--an'""--and","an'--an'""--and",PROPN,"she said; ""it'll sweep around th' Bend afore long, an'--an'""--and she ended with a terror in her voice which told its own tale without other words.",,
mass_quantities/one_day_at_arle__burnett,romance,PROPN,"proper_name_candidate,contraction_or_possessive,hyphenated",mass_quantities/one_day_at_arle__burnett#g6534,242,4,6534,courtin'--tak,courtin'--tak,PROPN,Dunnot come here courtin'--tak' a better woman.,,
lovecraft/the_colour_out_of_space,science fiction,NOUN,noun_verb_ambiguous,lovecraft/the_colour_out_of_space#g380,15,40,380,house,house,NOUN,"Ammi, whose head has been a little queer for years, is the only one who still remains, or who ever talks of the strange days; and he dares to do this because his house is so near the open fields and the travelled roads around Arkham.",,
lovecraft/the_colour_out_of_space,science fiction,NOUN,"proper_name_candidate,contraction_or_possessive",lovecraft/the_colour_out_of_space#g9407,349,2,9407,Nothin',nothing,NOUN,"""Nothin' ... nothin' ...",,
lovecraft/the_colour_out_of_space,science fiction,NOUN,archaic_candidate,lovecraft/the_colour_out_of_space#g10233,382,27,10233,aftermath,aftermath,NOUN,"Specimens could be analysed, of course, so he busied himself in obtaining them—and here it develops that a very puzzling aftermath occurred at the college laboratory where the two phials of dust were finally taken.",,
mass_quantities/30deg_cattywonkus__bell,science fiction,NOUN,hyphenated,mass_quantities/30deg_cattywonkus__bell#g4904,306,5,4904,"abruptly--""quite","abruptly--""quite",NOUN,"and here he paused abruptly--""quite a problem has been posed.",,
mass_quantities/a_bad_day_for_vermin__laumer,science fiction,NOUN,hyphenated,mass_quantities/a_bad_day_for_vermin__laumer#g1031,39,11,1031,--human,--human,NOUN,""" Ten people shouted at once: ""--human as I am!"" ""--intelligent being!"" ""--tell me you can simply kill--"" ""--must be some kind of law--"" The sheriff raised his hands, his jowls drawn down in a scowl.",,
mass_quantities/a_bottle_of_old_wine__lewis,science fiction,NOUN,contraction_or_possessive,mass_quantities/a_bottle_of_old_wine__lewis#g2949,142,27,2949,'s,'s,NOUN,"Yes, she was wearing the same costume she had worn the night before, that of a can-can dancer of the 90's.",,
mass_quantities/a_jar_of_jelly_beans__gregory,science fiction,NOUN,ordinary,mass_quantities/a_jar_of_jelly_beans__gregory#g2611,137,10,2611,21st,21st,NOUN,"For, as the 20th Century turned into the 21st, the exploding population seemed to make success ever more urgent.",,
mass_quantities/a_jar_of_jelly_beans__gregory,science fiction,NOUN,contraction_or_possessive,mass_quantities/a_jar_of_jelly_beans__gregory#g6139,343,8,6139,d'ya,d'ya,NOUN,"Heavily he asked: ""What d'ya want from me?"" Justin chose his words carefully: ""When Austin admits the Space failure, there will be a great wave of despondency.",,
lovecraft/the_colour_out_of_space,science fiction,OTHER,contraction_or_possessive,lovecraft/the_colour_out_of_space#g7664,273,2,7664,'d,have,AUX,"He'd been going to pieces for days, and hardly knew what he was about.",,
lovecraft/the_colour_out_of_space,science fiction,OTHER,noun_verb_ambiguous,lovecraft/the_colour_out_of_space#g14221,513,27,14221,light,light,ADJ,"People say the colour of the neighboring herbage is not quite right in the spring, and that wild things leave queer prints in the light winter snow.",,
mass_quantities/1_000_a_plate__mckenty,science fiction,OTHER,contraction_or_possessive,mass_quantities/1_000_a_plate__mckenty#g616,26,42,616,'d,would,AUX,"""Then why don't we cut down the cost of ruined exposures,"" asked the technician, ""by moving the Observatory away from town?"" ""Because,"" Dr. Morton explained, ""we'd have to bring in crews to tear the place down, other crews to move it, still",,
mass_quantities/30deg_cattywonkus__bell,science fiction,OTHER,hyphenated,mass_quantities/30deg_cattywonkus__bell#g5724,346,2,5724,--and,--and,INTJ,"""--and, dear, he's the spitting image of you.""",,
mass_quantities/a_bottle_of_old_wine__lewis,science fiction,OTHER,"proper_name_candidate,contraction_or_possessive",mass_quantities/a_bottle_of_old_wine__lewis#g1909,91,2,1909,Havin',Havin',VERB,"""Havin' a time?"" He reached for the white arm to pull her to him, but she eluded his grasp and reeled away into the waiting arms of a tall toreador.",,
mass_quantities/a_gift_for_terra__holden,science fiction,OTHER,"proper_name_candidate,contraction_or_possessive,hyphenated",mass_quantities/a_gift_for_terra__holden#g7698,456,9,7698,They'--who,they'--who,PRON,"""Hold it, hold it! 'They'--who",,
mass_quantities/a_jar_of_jelly_beans__gregory,science fiction,OTHER,archaic_candidate,mass_quantities/a_jar_of_jelly_beans__gregory#g1724,90,28,1724,19th,19th,ADJ,"Roll me one, huh?"" Justin returned to the table and lifted the porcelain top of the room's only antique, a 19th Century apothecary's jar deceptively labeled ""Opium.""",,
mass_quantities/a_jar_of_jelly_beans__gregory,science fiction,OTHER,ordinary,mass_quantities/a_jar_of_jelly_beans__gregory#g4462,245,2,4462,42nd,42nd,ADJ,"At 42nd and Fifth, long lines queued patiently up worn stone steps to secure their meager daily rations in what had once been the great Public Library.",,
mass_quantities/8_million_dollars_from_mars__marks,science fiction,PROPN,"proper_name_candidate,archaic_candidate",mass_quantities/8_million_dollars_from_mars__marks#g1836,82,23,1836,booth,booth,PROPN,"Obviously, the baggage man had been looking for another passenger, and there had been no necessity to retreat into booth seven for concealment.",,
mass_quantities/8_million_dollars_from_mars__marks,science fiction,PROPN,"proper_name_candidate,archaic_candidate",mass_quantities/8_million_dollars_from_mars__marks#g3801,176,11,3801,booth,booth,PROPN,"""This being the last shot you received--in booth number seven--we will now move on to a description and explanation of the free-flight sensations you are now experience--"" _Booth number seven!",,
mass_quantities/a_bad_day_for_vermin__laumer,science fiction,PROPN,"proper_name_candidate,contraction_or_possessive",mass_quantities/a_bad_day_for_vermin__laumer#g388,15,9,388,bigger'n,bigger'n,PROPN,We'll put Willow Grove on the map bigger'n Cape Canaveral ever was.,,
mass_quantities/a_cold_night_for_crying__marlowe,science fiction,PROPN,"proper_name_candidate,contraction_or_possessive,hyphenated",mass_quantities/a_cold_night_for_crying__marlowe#g5233,336,2,5233,he's--,he's--,PROPN,"Maybe he's--"" ""He wouldn't lie, not about a thing like that.",,
mass_quantities/a_fall_of_glass__lee,science fiction,PROPN,"proper_name_candidate,noun_verb_ambiguous",mass_quantities/a_fall_of_glass__lee#g870,45,2,870,House,House,PROPN,"""House shakes,"" Lieutenant MacBride wrote in his notebook.",,
mass_quantities/a_gift_for_terra__holden,science fiction,PROPN,"proper_name_candidate,contraction_or_possessive",mass_quantities/a_gift_for_terra__holden#g2970,164,22,2970,d'etre,d'etre,PROPN,"Save for one--only one, and it becomes magnified in importance--it becomes an entire _raison d'etre_ in itself.",,
mass_quantities/a_gift_for_terra__holden,science fiction,PROPN,"proper_name_candidate,contraction_or_possessive,hyphenated",mass_quantities/a_gift_for_terra__holden#g8311,493,13,8311,gift'--then--,gift'--then--,PROPN,"If your friends return successfully to your planet with that 'gift'--then--"" The thought was not completed.",,
mass_quantities/a_great_day_for_the_irish__hopf,science fiction,PROPN,"proper_name_candidate,contraction_or_possessive",mass_quantities/a_great_day_for_the_irish__hopf#g4947,312,3,4947,couldn't,couldn't,PROPN,"""You couldn't--you wouldn't--aren't supposed to be here!"" ""And why not?"" he countered.",,
london/brown_wolf,western,NOUN,noun_verb_ambiguous,london/brown_wolf#g28,1,28,28,house,house,NOUN,"She had delayed, because of the dew-wet grass, in order to put on her overshoes, and when she emerged from the house found her waiting husband absorbed in the wonder of a bursting almond-bud.",,
london/brown_wolf,western,NOUN,noun_verb_ambiguous,london/brown_wolf#g3350,142,9,3350,house,house,NOUN,It’s the short cut to her house.,,
london/sun_dog_trail,western,NOUN,ordinary,london/sun_dog_trail#g8434,584,6,8434,1st,1st,NOUN,"“That morning is the 1st of March, and on that morning I see the first sign of that after which the baby wolves are in search.",,
mass_quantities/a_drift_from_redwood_camp__harte,western,NOUN,archaic_candidate,mass_quantities/a_drift_from_redwood_camp__harte#g598,13,17,598,15th,15th,NOUN,"Such was the reputation and such the antecedents of the man who, on the 15th of March, 1856, found himself adrift in a swollen tributary of the Minyo.",,
mass_quantities/a_drift_from_redwood_camp__harte,western,NOUN,"proper_name_candidate,hyphenated",mass_quantities/a_drift_from_redwood_camp__harte#g3828,125,2,3828,D----d,D----d,NOUN,"""D----d if he ain't a born king.",,
mass_quantities/a_drift_from_redwood_camp__harte,western,NOUN,archaic_candidate,mass_quantities/a_drift_from_redwood_camp__harte#g7903,274,27,7903,arrest,arrest,NOUN,"To prevent the enforced expiation of the crime by some innocent brother packer, he was obliged to give orders for the pursuit and arrest of the criminal, secretly hoping for his escape or the interposition of some circumstance to avert his ",,
mass_quantities/ajax_for_example__tuttle,western,NOUN,hyphenated,mass_quantities/ajax_for_example__tuttle#g9642,549,17,9642,a----,a----,NOUN,“You spoke of something about securing one by making a noise like a--a----” “Loofmad?” asks Magpie.,,
mass_quantities/easy_money__sinclair,western,NOUN,hyphenated,mass_quantities/easy_money__sinclair#g1290,67,13,1290,an’----,an’----,NOUN,"You’re young an’ careless an’ hot-headed an’----” “An’ you’re middle-aged an’ staggerin’ under a tremendous weight of responsibility an’ cranky as a bull with the seven-year itch,” Shaw retorted.",,
london/brown_wolf,western,OTHER,ordinary,london/brown_wolf#g39,1,39,39,a,a,DET,"She had delayed, because of the dew-wet grass, in order to put on her overshoes, and when she emerged from the house found her waiting husband absorbed in the wonder of a bursting almond-bud.",,
london/day_s_lodging,western,OTHER,noun_verb_ambiguous,london/day_s_lodging#g1311,61,5,1311,light,light,ADJ,Messner set up his light sheet-iron stove and started a fire.,,
mass_quantities/a_drift_from_redwood_camp__harte,western,OTHER,contraction_or_possessive,mass_quantities/a_drift_from_redwood_camp__harte#g6529,221,3,6529,'m,be,AUX,"""I'm Mrs. Dall, the Indian agent's wife.",,
mass_quantities/a_drift_from_redwood_camp__harte,western,OTHER,contraction_or_possessive,mass_quantities/a_drift_from_redwood_camp__harte#g9184,328,2,9184,'d,would,AUX,I'd like to know what become of him.,,
mass_quantities/a_prevaricated_parade__tuttle,western,OTHER,archaic_candidate,mass_quantities/a_prevaricated_parade__tuttle#g7002,357,5,7002,arrest,arrest,VERB,"Bill McFee refuses to arrest anybody except Scenery Sims, and his feelings seem some rasped over this same Columbus thing.",,
mass_quantities/ajax_for_example__tuttle,western,OTHER,hyphenated,mass_quantities/ajax_for_example__tuttle#g8756,499,23,8756,done--“some,done--“some,ADV,"“Would you believe it--” he pokes a fork at me like he was trying to see if I was done--“some careless person, evidently shooting at random, nearly struck me?",,
mass_quantities/easy_come_easy_go__sabin,western,OTHER,"proper_name_candidate,hyphenated",mass_quantities/easy_come_easy_go__sabin#g1431,84,1,1431,And--“If,and--“if,VERB,"And--“If you intend to be a cowboy,” the stout gent had said.",,
mass_quantities/especially_dance_hall_women__ellerbe_ellerbe,western,OTHER,hyphenated,mass_quantities/especially_dance_hall_women__ellerbe_ellerbe#g3981,193,14,3981,ago--“Daisy,ago--“daisy,NUM,"She knew only the songs that had been popular a good while ago--“Daisy”, “Two Little Girls in Blue”, “Sweet Rosie O’Grady” and one or two more of the same sort.",,
london/love_of_life,western,PROPN,"proper_name_candidate,archaic_candidate",london/love_of_life#g9389,472,18,9389,Death,Death,PROPN,"It was stark madness, perhaps, but in the very grip of Death he defied Death and refused to die.",,
mass_quantities/a_drift_from_redwood_camp__harte,western,PROPN,"proper_name_candidate,contraction_or_possessive",mass_quantities/a_drift_from_redwood_camp__harte#g9026,324,10,9026,Gov'rment,Gov'rment,PROPN,"***** ""So the Gov'rment hev at last woke up and wiped out them cussed Digger Minyos,"" said Snapshot Harry, as he laid down the newspaper, in the brand-new saloon of the brand-new town of Redwood.",,
mass_quantities/a_drift_from_redwood_camp__harte,western,PROPN,"proper_name_candidate,contraction_or_possessive",mass_quantities/a_drift_from_redwood_camp__harte#g9259,332,7,9259,ag'in,ag'in,PROPN,I see he's back here ag'in--and grubbin' along at a dollar a day on tailin's.,,
mass_quantities/a_drift_from_redwood_camp__harte,western,PROPN,"proper_name_candidate,contraction_or_possessive",mass_quantities/a_drift_from_redwood_camp__harte#g9296,335,4,9296,o'n'ry,o'n'ry,PROPN,"that shiftless, o'n'ry cuss!",,
mass_quantities/ajax_for_example__tuttle,western,PROPN,"proper_name_candidate,hyphenated",mass_quantities/ajax_for_example__tuttle#g10954,644,6,10954,and----,and----,PROPN,“He assaulted me and----” “Hipwiggler ----!”,,
mass_quantities/bearly_reasonable__tuttle,western,PROPN,"proper_name_candidate,archaic_candidate",mass_quantities/bearly_reasonable__tuttle#g4750,206,24,4750,Death,Death,PROPN,"Let’s put some cyanide in their coffee in th’ morning, and then you and me will go down in Death Valley and dig fer coconuts, Magpie.",,
mass_quantities/easy_come_easy_go__sabin,western,PROPN,"proper_name_candidate,hyphenated",mass_quantities/easy_come_easy_go__sabin#g1478,88,1,1478,And--“They,And--“They,PROPN,And--“They tell me this horse is perfectly gentle when he’s been handled properly!”,,
mass_quantities/easy_money__sinclair,western,PROPN,"proper_name_candidate,noun_verb_ambiguous",mass_quantities/easy_money__sinclair#g3375,188,42,3375,house,house,PROPN,"And it was the first thing in his mind when he opened his eyes to bright sunshine pouring into the valley, and “Rock” Holloway inquiring jovially why in blazes he didn’t use the bunk house instead of the open air for sleeping purposes.",,
